{"cameraMode":{"drawMode":0,"name":"Shaded","section":"Shading Mode"},"sceneLighting":true,"audioPlay":false,"sceneViewState":{"showFog":true,"showMaterialUpdate":false,"showSkybox":true,"showFlares":true,"showImageEffects":true,"showParticleSystems":true},"in2DMode":false,"pivot":{"x":-4.685589790344238,"y":3.3127007484436037,"z":4.19834041595459},"rotation":{"x":0.11847131699323654,"y":-0.0312780924141407,"z":0.0037332717329263689,"w":0.9924577474594116},"size":18.598827362060548,"orthographic":false}