{"cameraMode":{"drawMode":0,"name":"Shaded","section":"Shading Mode"},"sceneLighting":true,"audioPlay":false,"sceneViewState":{"showFog":true,"showMaterialUpdate":false,"showSkybox":true,"showFlares":true,"showImageEffects":true,"showParticleSystems":true},"in2DMode":false,"pivot":{"x":-8.076703071594239,"y":8.490057945251465,"z":-5.958441734313965},"rotation":{"x":0.13916300237178803,"y":-0.051968980580568317,"z":0.007313104812055826,"w":0.9888778924942017},"size":18.598827362060548,"orthographic":false}